plate_id,final_file,sha256,width_px,height_px,color_profile,curation_status
iliad-book-01-minerva-flaxman-design-blake-engraving,assets/source/iliad/met-337355-dp-14470-001.jpg,975fbdacbcc620c8b990635ee668c7c98b1e3caa208747326e6cbd29164bce6e,3621,2342,sRGB,source-review
odyssey-book-22-hall-concept,assets/generated/odyssey/book-22-hall-v1.png,9beb4be8ed49e579185bca7cd0b6d1fc7f5969bcf52147a09ae4a275fe24334c,1122,1402,unprofiled,concept-review
odyssey-book-05-raft-concept,assets/generated/odyssey/book-05-raft-v1.png,f7d90b67a2beda8bfc8f6cff11c8280ace323bbef1bde89910cc9baf2cf34eaf,1050,1498,unprofiled,concept-review
iliad-book-03-helen-walls-concept,assets/generated/iliad/book-03-helen-walls-v1.png,f3e11af2ff8ba6099b0bf73a654dd733c93fa2a0a1bbe6c7d7a69b1deea24eb4,1024,1536,unprofiled,concept-review
iliad-book-16-patroclus-v2-concept,assets/generated/iliad/book-16-patroclus-v2.png,9ea4fe09507f1fe67ce442081f4bba1e6fd3d3d21da106d2bf0bb20e3440cc7b,1050,1498,unprofiled,concept-review
iliad-book-18-flaxman-piroli,assets/source/iliad/met-337355-dp-15151-001.jpg,2352006448d93bd52c770ea1200481c9d620f7e8652c815fb75f77591c8d28e3,3590,2404,sRGB,source-review
iliad-book-01-apollo-concept,assets/generated/iliad/book-01-apollo-v1.png,f6b48c9f73c17318ce0cda22e86db7db0b4270a81af0282ad1d497fcd3a3e478,1050,1498,unprofiled,concept-review
odyssey-book-01-athena-concept,assets/generated/odyssey/book-01-athena-v1.png,a1fd5709ee73eba1c8e6d44ea10118c102c0984e7990a19a994a6e084f7ddbcb,1054,1492,unprofiled,concept-review
iliad-book-01-apollo-v2-concept,assets/generated/iliad/book-01-apollo-v2.png,0205d034e2685de2ee11a7645877512e8b4d36f13b0b1d050a72823f6919594e,2100,3000,unprofiled,concept-review
odyssey-book-01-athena-v2-concept,assets/generated/odyssey/book-01-athena-v2.png,0e749d23c2cf47856cb4a70cf99dc5c34ed8849e0712de23eb48e4e50d040490,2100,3000,unprofiled,concept-review
iliad-book-02-ili-02-v1-concept,assets/generated/iliad/book-02-ili-02-v1.png,11979a277765bc8dc994ee8f342ebdf18e4c8761f57e0141c5e0d26717831f21,2100,3000,unprofiled,concept-review
odyssey-book-02-ody-02-v1-concept,assets/generated/odyssey/book-02-ody-02-v1.png,ec4e3ac6b4be4e9b2ecc7f668a929ca82b516d13f12e2a324b252a4cf4ff3a5b,2100,3000,unprofiled,concept-review
iliad-book-11-patroclus-eurypylus-concept,assets/processed/iliad/book-11-patroclus-eurypylus-placement.png,cc8bd0b5cc705ef9293b66f3ad5f38ad9b60b4e990948dddd040ac61cd240232,2100,3000,unprofiled,concept-review
odyssey-book-09-polyphemus-escape-concept,assets/processed/odyssey/book-09-polyphemus-escape-placement.png,b22557e070005888bcba25c2d4139b36afa280ccfb0bca508530c2c189445865,2100,3000,unprofiled,concept-review
iliad-book-24-priam-achilles-concept,assets/processed/iliad/book-24-priam-achilles-placement.png,b3b6700dc7fc0e7467a25b8ab6650b76d6e4a5594c7f562ca29b61619eb69bba,2100,3000,unprofiled,concept-review
iliad-book-11-patroclus-eurypylus-v2-concept,assets/generated/iliad/book-11-patroclus-eurypylus-v2.png,3a2a0f735b6fc7d5e7a321b3a8a4af0db9a8662092131bb73c87bc8a78d111a1,1008,1560,sRGB,concept-review
odyssey-book-23-penelope-bed-concept,assets/generated/odyssey/book-23-penelope-bed-v1.png,f4882bfe27ebb315333a3a8fe2d643e43fe4a95261692480fcd28ed8634231fa,1008,1560,sRGB,concept-review
odyssey-book-16-father-son-concept,assets/generated/odyssey/book-16-father-son-v1.png,41b5cbc3d6198a221302faf228aef57c04a761c753ec75601139d6d20c01fc05,1008,1560,sRGB,concept-review
odyssey-book-13-return-concept,assets/generated/odyssey/book-13-return-v1.png,4f2fe7749e848c354c7783876d56a2b333dcdd1557c78fbc41e4a30c3a1371ba,1008,1560,sRGB,concept-review
iliad-book-24-priam-achilles-v2-concept,assets/generated/iliad/book-24-priam-achilles-v2.png,6b4959925b21a9d87f47a983c546464a120384c915e4616b9fee8f814aae41d2,1008,1560,sRGB,concept-review
odyssey-book-05-raft-v2-concept,assets/generated/odyssey/book-05-raft-v2.png,f3cfb4639ea76b6cb8fb805b3b9ebba8eb2cd9fd2084d96e38d786b2daf71da2,1008,1561,sRGB,concept-review
odyssey-book-03-pylos-concept,assets/generated/odyssey/book-03-pylos-v1.png,a3db94f87366acb0791ff97b6d55809e80b3c7bdc9b28948350cfe74cbbf5cd5,1024,1536,unprofiled,concept-review
iliad-book-04-broken-oath-concept,assets/generated/iliad/book-04-broken-oath-v1.png,8d0ac72507b09ade24d6a63280cf2e186590cd822e49e253cc509c32666ac7be,1008,1560,unprofiled,concept-review
iliad-book-05-diomedes-concept,assets/generated/iliad/book-05-diomedes-v1.png,f98ce77f21ec82e34ab4dc8a35d33d881cfe6344366571386dd40318694183df,1008,1560,unprofiled,concept-review
iliad-book-06-hector-family-concept,assets/generated/iliad/book-06-hector-family-v1.png,d189021d6c920cdb8fb9c4ae99b78eab52b71fc20a2121b0a21296a1311c9a27,1009,1559,unprofiled,concept-review
iliad-book-07-hector-ajax-concept,assets/generated/iliad/book-07-hector-ajax-v1.png,152f61c4732cc91a9816065b5e3dcb33feb3bb81d59da083630fe66481bcab6a,1008,1560,unprofiled,concept-review
iliad-book-08-zeus-balance-concept,assets/generated/iliad/book-08-zeus-balance-v1.png,3fac155e105b82284ad1ad5a5ad795a3aa43f85c226d8496052ca2ec41b153b2,1008,1560,unprofiled,concept-review
iliad-book-09-embassy-concept,assets/generated/iliad/book-09-embassy-v1.png,bd6553cbdebef23757f90c4cb02ca42d6a3699fab23738012d3b3a2d6dab16c2,1009,1558,unprofiled,concept-review
iliad-book-10-night-raid-concept,assets/generated/iliad/book-10-night-raid-v1.png,363a26e6b63767f94189a34a11bbf50ca4f2a916edd612fa3fc5baa1a40fcd05,1008,1560,unprofiled,concept-review
iliad-book-12-wall-concept,assets/generated/iliad/book-12-wall-v1.png,2548d8288a0b517c4e69e504ed4688f5b42a7a84119cd0bc9343c3299460c67c,1008,1560,unprofiled,concept-review
iliad-book-13-poseidon-concept,assets/generated/iliad/book-13-poseidon-v1.png,4b39b004de9122c9f370873e9c8e2a1feab60985111a876efdb4b85fb431b58f,1009,1559,unprofiled,concept-review
iliad-book-14-hera-strategy-concept,assets/generated/iliad/book-14-hera-strategy-v1.png,0eef1aa57bf6ad6279dc2e9eff27b46d5e73424cb1259ce386093c8a833d985f,1007,1562,unprofiled,concept-review
iliad-book-15-zeus-wakes-concept,assets/generated/iliad/book-15-zeus-wakes-v1.png,46d61eafc7d477a288b7d7b34d7122974717cf19c3c927ea4ab88f4f6d1b139a,1009,1559,unprofiled,concept-review
iliad-book-17-menelaus-patroclus-concept,assets/generated/iliad/book-17-menelaus-patroclus-v1.png,48dcd97b8e494a1e2eb55a70c3832a8a64f978df7a564ae10c1616fefe7d2331,1009,1558,unprofiled,concept-review
iliad-book-18-shield-concept,assets/generated/iliad/book-18-shield-v1.png,bd5175b5ea3ed3ec130e37cfabb4583850aac2b0bba0679977bdd7c3151a4fca,1008,1560,unprofiled,concept-review
iliad-book-19-reconciliation-concept,assets/generated/iliad/book-19-reconciliation-v1.png,07af2a3fc7725d3303c26fa093d65796eef7d0dc62b4f1fe16a450b9e2f073b4,1008,1560,unprofiled,concept-review
iliad-book-20-divided-gods-concept,assets/generated/iliad/book-20-divided-gods-v1.png,b2d547d915ff7d08b69999df001989fbf57051f33e8cf84f45d66c0db0acebb7,1008,1561,unprofiled,concept-review
iliad-book-21-scamander-concept,assets/generated/iliad/book-21-scamander-v1.png,a01b013353ef27890413fe8819e3345f0034bccb6b3ceaae786b9a091a7f917c,1008,1560,unprofiled,concept-review
iliad-book-22-hector-gate-concept,assets/generated/iliad/book-22-hector-gate-v1.png,413e4e090789bd5011684914eaa581f6e007f73349fd86de6a567a3abcb130bd,1008,1560,unprofiled,concept-review
iliad-book-23-funeral-games-concept,assets/generated/iliad/book-23-funeral-games-v1.png,b53c3d360c0c0e690fe4a6609053f6de17c7d9ce4d19692b8e06179c6c1b7926,1009,1559,unprofiled,concept-review
odyssey-book-04-sparta-memory-concept,assets/generated/odyssey/book-04-sparta-memory-v1.png,2c18dc03bc4c617ea1e79e1533f3cc2397286b3e07a9572f6049123af43ea315,1009,1559,unprofiled,concept-review
odyssey-book-06-nausicaa-concept,assets/generated/odyssey/book-06-nausicaa-v1.png,0a0a73465b906c47bf80a0f241e733008c35be0bb7dd023b5551c2ba7560a0a3,1007,1561,unprofiled,concept-review
odyssey-book-07-arete-palace-concept,assets/generated/odyssey/book-07-arete-palace-v1.png,ccd3a0e8a7590aef8b409e7774cd4bd1e29f996766b76adec8e87a145bdeeee2,1008,1560,unprofiled,concept-review
odyssey-book-08-demodocus-concept,assets/generated/odyssey/book-08-demodocus-v1.png,3ca6a42125a208af08ba26eee4aad52f43fb9a36b3048fa444d4f2ccf73c3713,1009,1559,unprofiled,concept-review
odyssey-book-10-moly-concept,assets/generated/odyssey/book-10-moly-v1.png,ec8a838b5720894da3d8042966fbeb4e7ccc18e4c289c07805feb76a258976d7,1007,1562,unprofiled,concept-review
odyssey-book-11-tiresias-concept,assets/generated/odyssey/book-11-tiresias-v1.png,29ad2919eec20d10213085772bc29f2a5715d4bd8228c85d3c005d7a6d6cb95f,1009,1559,unprofiled,concept-review
odyssey-book-12-sirens-concept,assets/generated/odyssey/book-12-sirens-v1.png,dc92d078af24ffb56c6eae44e1883f301936b8c74d5c8ca0130c49504c5f2aa3,1008,1561,unprofiled,concept-review
odyssey-book-14-eumaeus-concept,assets/generated/odyssey/book-14-eumaeus-v1.png,efd178b30470af5b585935a63b5e34b727e507152f7e21f0855f27af48f74813,1009,1559,unprofiled,concept-review
